x_mm,intensidade_normalizada
-4.051200000000000045e+02,0.000000000000000000e+00
-4.043287500000000136e+02,9.046965816185702268e-06
-4.035374999999999659e+02,3.203399718553952833e-05
-4.027462500000000318e+02,5.814739083423997584e-05
-4.019549999999999841e+02,7.434759008400422704e-05
-4.011637500000000500e+02,7.120030730452408152e-05
-4.003725000000000023e+02,4.822083731840014437e-05
-3.995812500000000682e+02,1.688136898901829158e-05
-3.987899999999999636e+02,0.000000000000000000e+00
-3.979987499999999727e+02,2.719861593839508829e-05
-3.972074999999999818e+02,1.272393197314573127e-04
-3.964162500000000477e+02,3.190307371752085035e-04
-3.956250000000000000e+02,6.036660402247635056e-04
-3.948337500000000091e+02,9.598381263837464259e-04
-3.940425000000000182e+02,1.344340632252894428e-03
-3.932512500000000273e+02,1.698229069422223497e-03
-3.924600000000000364e+02,1.957838764391156647e-03
-3.916687499999999886e+02,2.068563858676562405e-03
-3.908775000000000546e+02,1.998419066045501510e-03
-3.900862499999999500e+02,1.748174801087842237e-03
-3.892950000000000159e+02,1.355373308455068340e-03
-3.885037499999999682e+02,8.907210382598738105e-04
-3.877125000000000341e+02,4.469706005338254518e-04
-3.869212499999999864e+02,1.221018586775330511e-04
-3.861300000000000523e+02,0.000000000000000000e+00
-3.853387500000000045e+02,1.325775954011416263e-04
-3.845475000000000136e+02,5.271999138947705207e-04
-3.837562500000000227e+02,1.142333224377898356e-03
-3.829650000000000318e+02,1.892721265633410003e-03
-3.821737499999999841e+02,2.663438840227217407e-03
-3.813824999999999363e+02,3.330291970647884098e-03
-3.805912500000000023e+02,3.782642448429009326e-03
-3.798000000000000114e+02,3.944142798965872936e-03
-3.790087500000000205e+02,3.787217198657557692e-03
-3.782174999999999727e+02,3.338352268189192801e-03
-3.774262500000000387e+02,2.673114313956957960e-03
-3.766350000000000477e+02,1.901894599801251312e-03
-3.758437500000000568e+02,1.149258204094581303e-03
-3.750525000000000091e+02,5.310375185846598518e-04
-3.742612500000000182e+02,1.337042288240165443e-04
-3.734699999999999704e+02,0.000000000000000000e+00
-3.726787499999999795e+02,1.234376830497680637e-04
-3.718874999999999886e+02,4.524075196938332085e-04
-3.710962499999999977e+02,9.026471949152544208e-04
-3.703050000000000068e+02,1.375184078203024567e-03
-3.695137500000000159e+02,1.775875282384751326e-03
-3.687225000000000250e+02,2.032544211748758562e-03
-3.679312500000000341e+02,2.106436343069717759e-03
-3.671400000000000432e+02,1.996100713279253154e-03
-3.663487500000000523e+02,1.733516890747885224e-03
-3.655575000000000045e+02,1.373939415428002998e-03
-3.647662499999999568e+02,9.821614525729631048e-04
-3.639749999999999659e+02,6.184554976759395898e-04
-3.631837500000000318e+02,3.272436731729802604e-04
-3.623924999999999841e+02,1.306734334888434951e-04
-3.616012499999999932e+02,2.796663548645512119e-05
-3.608100000000000023e+02,0.000000000000000000e+00
-3.600187500000000682e+02,1.740029816004160136e-05
-3.592275000000000205e+02,4.976361847950088753e-05
-3.584362500000000296e+02,7.356775637004341604e-05
-3.576449999999999818e+02,7.691326535386850370e-05
-3.568537499999999909e+02,6.022732561000712154e-05
-3.560625000000000000e+02,3.322031645048584156e-05
-3.552712500000000091e+02,9.393450896466309111e-06
-3.544800000000000182e+02,0.000000000000000000e+00
-3.536887499999999704e+02,9.416408600372460743e-06
-3.528975000000000364e+02,3.338289816082962500e-05
-3.521062499999999886e+02,6.067000619641543769e-05
-3.513150000000000546e+02,7.766797114104720444e-05
-3.505237500000000068e+02,7.447123491113732138e-05
-3.497325000000000728e+02,5.049791338853571918e-05
-3.489412499999999682e+02,1.770022280025381180e-05
-3.481499999999999773e+02,0.000000000000000000e+00
-3.473587499999999864e+02,2.858800470135860043e-05
-3.465675000000000523e+02,1.339035174392549856e-04
-3.457762500000000045e+02,3.361531687103475638e-04
-3.449850000000000136e+02,6.368481644782251734e-04
-3.441937500000000227e+02,1.013846200232816760e-03
-3.434025000000000318e+02,1.421735446866428335e-03
-3.426112500000000409e+02,1.798214906992438638e-03
-3.418199999999999932e+02,2.075671322706798202e-03
-3.410287500000000023e+02,2.195772931536225242e-03
-3.402374999999999545e+02,2.123940740328592210e-03
-3.394462500000000205e+02,1.860280948391566415e-03
-3.386549999999999727e+02,1.444079121280340394e-03
-3.378637500000000387e+02,9.501948781190721564e-04
-3.370724999999999909e+02,4.774076744943135968e-04
-3.362812500000000568e+02,1.305788185625945063e-04
-3.354900000000000091e+02,0.000000000000000000e+00
-3.346987500000000182e+02,1.421354355170094668e-04
-3.339075000000000273e+02,5.659125490546579795e-04
-3.331162499999999795e+02,1.227747824817576388e-03
-3.323249999999999886e+02,2.036788871873147777e-03
-3.315337499999999409e+02,2.869760768472780482e-03
-3.307425000000000068e+02,3.592770928267192618e-03
-3.299512500000000159e+02,4.085896970694373291e-03
-3.291600000000000250e+02,4.265700040842082194e-03
-3.283687499999999773e+02,4.101135626824408027e-03
-3.275775000000000432e+02,3.619620191601044968e-03
-3.267862500000000523e+02,2.901990516036381720e-03
-3.259950000000000614e+02,2.067346285437262222e-03
-3.252037500000000136e+02,1.250816037240644026e-03
-3.244124999999999659e+02,5.786964406267078266e-04
-3.236212499999999750e+02,1.458885708707771060e-04
-3.228299999999999841e+02,0.000000000000000000e+00
-3.220387499999999932e+02,1.350290491454899213e-04
-3.212475000000000023e+02,4.955210265908509010e-04
-3.204562500000000114e+02,9.899287253178061952e-04
-3.196650000000000205e+02,1.510084140924580027e-03
-3.188737500000000296e+02,1.952576291742953718e-03
-3.180825000000000387e+02,2.237647217590250232e-03
-3.172912500000000477e+02,2.321971392421852323e-03
-3.165000000000000000e+02,2.203173699619937614e-03
-3.157087500000000091e+02,1.915812472303195062e-03
-3.149174999999999613e+02,1.520379519552135126e-03
-3.141262499999999704e+02,1.088247591868710161e-03
-3.133350000000000364e+02,6.861429269258387557e-04
-3.125437499999999886e+02,3.635294670089296511e-04
-3.117524999999999977e+02,1.453512660445124816e-04
-3.109612500000000068e+02,3.114840679302968869e-05
-3.101700000000000159e+02,0.000000000000000000e+00
-3.093787499999999682e+02,1.943047375563351407e-05
-3.085875000000000341e+02,5.564237541815782406e-05
-3.077962499999999864e+02,8.236623778728632513e-05
-3.070050000000000523e+02,8.622475835041247517e-05
-3.062137500000000045e+02,6.760741911927488129e-05
-3.054225000000000136e+02,3.734011263649612990e-05
-3.046312500000000227e+02,1.057229224200616979e-05
-3.038399999999999750e+02,0.000000000000000000e+00
-3.030487500000000409e+02,1.062616996645868412e-05
-3.022574999999999932e+02,3.772166638122771205e-05
-3.014662500000000023e+02,6.864633385315594240e-05
-3.006750000000000114e+02,8.799598714988531272e-05
-2.998837500000000205e+02,8.448667072934770402e-05
-2.990925000000000296e+02,5.736578734675034855e-05
-2.983012500000000387e+02,2.013442853604338254e-05
-2.975099999999999909e+02,0.000000000000000000e+00
-2.967187500000000568e+02,3.260694199862930015e-05
-2.959275000000000091e+02,1.529335758573357280e-04
-2.951362499999999613e+02,3.844447396673667514e-04
-2.943450000000000273e+02,7.293226635683647740e-04
-2.935537499999999795e+02,1.162637253037237216e-03
-2.927624999999999886e+02,1.632602909248441004e-03
-2.919712499999999977e+02,2.067732105194908417e-03
-2.911800000000000068e+02,2.390030623503763395e-03
-2.903887500000000159e+02,2.531779192641412865e-03
-2.895975000000000250e+02,2.452311559154673939e-03
-2.888062499999999773e+02,2.150839413311154275e-03
-2.880150000000000432e+02,1.671929644384492330e-03
-2.872237499999999955e+02,1.101637308089873854e-03
-2.864325000000000614e+02,5.542627385378579583e-04
-2.856412500000000136e+02,1.518101365812794877e-04
-2.848499999999999659e+02,0.000000000000000000e+00
-2.840587500000000318e+02,1.657059875604331831e-04
-2.832674999999999841e+02,6.606801312093196375e-04
-2.824762500000000500e+02,1.435352795130049675e-03
-2.816849999999999454e+02,2.384539712637991776e-03
-2.808937500000000114e+02,3.364455695724753986e-03
-2.801025000000000205e+02,4.218040558577297421e-03
-2.793112500000000296e+02,4.803770898757919391e-03
-2.785199999999999818e+02,5.022274040841428512e-03
-2.777287500000000477e+02,4.835384636932014805e-03
-2.769375000000000000e+02,4.273741983868197154e-03
-2.761462500000000091e+02,3.431320681370008015e-03
-2.753550000000000182e+02,2.447936832770130581e-03
-2.745637499999999704e+02,1.483213725420898851e-03
-2.737725000000000364e+02,6.872046613191821031e-04
-2.729812499999999886e+02,1.734935124316299121e-04
-2.721899999999999977e+02,0.000000000000000000e+00
-2.713987500000000068e+02,1.610451696968067238e-04
-2.706075000000000159e+02,5.918538270745379122e-04
-2.698162500000000250e+02,1.184104271205320197e-03
-2.690250000000000341e+02,1.808933517967850450e-03
-2.682337499999999864e+02,2.342430525187639851e-03
-2.674425000000000523e+02,2.688372238203816118e-03
-2.666512500000000045e+02,2.793801690051465024e-03
-2.658600000000000136e+02,2.654790446542862337e-03
-2.650687499999999659e+02,2.311954010749061976e-03
-2.642774999999999750e+02,1.837489235376353917e-03
-2.634862500000000409e+02,1.317191858772753322e-03
-2.626949999999999932e+02,8.317377192748707116e-04
-2.619037500000000023e+02,4.413304407938415633e-04
-2.611124999999999545e+02,1.767248155677683327e-04
-2.603212500000000205e+02,3.792896812699475670e-05
-2.595299999999999727e+02,0.000000000000000000e+00
-2.587387500000000387e+02,2.373218166895285994e-05
-2.579474999999999909e+02,6.806480334089133101e-05
-2.571562500000000568e+02,1.009092377601134829e-04
-2.563650000000000091e+02,1.057987596736466806e-04
-2.555737499999999898e+02,8.308296645254731924e-05
-2.547825000000000273e+02,4.595835587927820461e-05
-2.539912500000000080e+02,1.303261128695616131e-05
-2.532000000000000455e+02,0.000000000000000000e+00
-2.524087500000000261e+02,1.313991572707162527e-05
-2.516175000000000068e+02,4.671828119166504756e-05
-2.508262500000000159e+02,8.515218486414329459e-05
-2.500349999999999966e+02,1.093266642421983711e-04
-2.492437500000000057e+02,1.051328782070886839e-04
-2.484524999999999864e+02,7.149782249860021704e-05
-2.476612499999999955e+02,2.513454689244411539e-05
-2.468700000000000045e+02,0.000000000000000000e+00
-2.460787500000000136e+02,4.083503289186562058e-05
-2.452875000000000227e+02,1.918337093826707465e-04
-2.444962500000000034e+02,4.830118088028022261e-04
-2.437050000000000125e+02,9.177994822367176392e-04
-2.429137500000000216e+02,1.465477525945416528e-03
-2.421225000000000307e+02,2.061222654657949953e-03
-2.413312500000000114e+02,2.614873214064841137e-03
-2.405399999999999636e+02,3.027432681221891870e-03
-2.397487500000000011e+02,3.212285871333177539e-03
-2.389574999999999818e+02,3.116621306544198420e-03
-2.381662500000000193e+02,2.738035856429173447e-03
-2.373750000000000000e+02,2.131938407426657404e-03
-2.365837500000000375e+02,1.407095539622169999e-03
-2.357924999999999898e+02,7.091396116792177086e-04
-2.350012499999999989e+02,1.945587600367159665e-04
-2.342100000000000080e+02,0.000000000000000000e+00
-2.334187500000000171e+02,2.130908465210528617e-04
-2.326275000000000261e+02,8.510606684513301497e-04
-2.318362500000000068e+02,1.852139034961962838e-03
-2.310449999999999875e+02,3.082251980526732119e-03
-2.302537499999999966e+02,4.356423435256676080e-03
-2.294625000000000057e+02,5.471177235171945964e-03
-2.286712500000000148e+02,6.241804789581926853e-03
-2.278799999999999955e+02,6.537162803578092964e-03
-2.270887500000000045e+02,6.304985480301832958e-03
-2.262975000000000136e+02,5.582500090639694323e-03
-2.255062500000000227e+02,4.490062257706779053e-03
-2.247150000000000318e+02,3.208966276361269968e-03
-2.239237499999999841e+02,1.947806830760896333e-03
-2.231325000000000216e+02,9.040840266451309658e-04
-2.223412500000000023e+02,2.286598290997471979e-04
-2.215500000000000114e+02,0.000000000000000000e+00
-2.207587499999999920e+02,2.130259511311924836e-04
-2.199674999999999727e+02,7.843205334703974400e-04
-2.191762499999999818e+02,1.572052059929960515e-03
-2.183849999999999909e+02,2.406029841402520641e-03
-2.175937500000000000e+02,3.121405310626265001e-03
-2.168025000000000091e+02,3.589066835986067829e-03
-2.160112500000000182e+02,3.736802231062632575e-03
-2.152199999999999989e+02,3.557549200759804742e-03
-2.144287500000000080e+02,3.103986114307055125e-03
-2.136375000000000171e+02,2.471662186602362372e-03
-2.128462500000000261e+02,1.775174058029269130e-03
-2.120550000000000352e+02,1.123077700254212575e-03
-2.112637499999999875e+02,5.970665539824671509e-04
-2.104724999999999966e+02,2.395498181956972087e-04
-2.096812500000000057e+02,5.151252345889171516e-05
-2.088900000000000148e+02,0.000000000000000000e+00
-2.080987500000000239e+02,3.235778200245476369e-05
-2.073074999999999761e+02,9.298642729432800649e-05
-2.065162500000000136e+02,1.381299984745190397e-04
-2.057249999999999943e+02,1.451115718185741672e-04
-2.049337500000000318e+02,1.141831912802696600e-04
-2.041425000000000125e+02,6.328892974557074225e-05
-2.033512499999999932e+02,1.798341715255103476e-05
-2.025600000000000023e+02,0.000000000000000000e+00
-2.017687499999999829e+02,1.820546797728925730e-05
-2.009774999999999920e+02,6.486153305617569861e-05
-2.001862500000000011e+02,1.184654927705333877e-04
-1.993949999999999818e+02,1.524131951151207621e-04
-1.986037499999999909e+02,1.468723906662845725e-04
-1.978125000000000000e+02,1.000931503542630758e-04
-1.970212500000000091e+02,3.526122426735310144e-05
-1.962300000000000182e+02,0.000000000000000000e+00
-1.954387500000000273e+02,5.753121949609705415e-05
-1.946475000000000080e+02,2.708477743792693168e-04
-1.938562500000000171e+02,6.834281347725594622e-04
-1.930650000000000261e+02,1.301435991963637625e-03
-1.922737500000000068e+02,2.082568380605537457e-03
-1.914825000000000159e+02,2.935589881187665971e-03
-1.906912499999999682e+02,3.732302243595362907e-03
-1.899000000000000057e+02,4.330736397171939395e-03
-1.891087499999999864e+02,4.605406649844654039e-03
-1.883175000000000239e+02,4.478266076584147722e-03
-1.875262500000000045e+02,3.943144016349720178e-03
-1.867349999999999852e+02,3.077240689374957476e-03
-1.859437499999999943e+02,2.035632741216801805e-03
-1.851525000000000034e+02,1.028258735747005414e-03
-1.843612500000000125e+02,2.827627114977705725e-04
-1.835700000000000216e+02,0.000000000000000000e+00
-1.827787500000000023e+02,3.111396737371289567e-04
-1.819874999999999829e+02,1.245574843568422307e-03
-1.811962499999999920e+02,2.717113379466166989e-03
-1.804050000000000011e+02,4.532454130868877364e-03
-1.796137500000000102e+02,6.421445113461907855e-03
-1.788224999999999909e+02,8.084018037562767239e-03
-1.780312500000000000e+02,9.245000570469227158e-03
-1.772400000000000091e+02,9.706057976055970996e-03
-1.764487500000000182e+02,9.384283586455105172e-03
-1.756575000000000273e+02,8.329442601942307900e-03
-1.748662500000000364e+02,6.716090401224531110e-03
-1.740749999999999886e+02,4.811862183890447224e-03
-1.732837500000000261e+02,2.928092172295649297e-03
-1.724925000000000068e+02,1.362528362439902529e-03
-1.717012500000000159e+02,3.454869763191114316e-04
-1.709099999999999966e+02,0.000000000000000000e+00
-1.701187499999999773e+02,3.235238150255409116e-04
-1.693274999999999864e+02,1.194247665580978196e-03
-1.685362499999999955e+02,2.399950842784444750e-03
-1.677450000000000045e+02,3.682804530375583755e-03
-1.669537500000000136e+02,4.790466325877523919e-03
-1.661624999999999943e+02,5.522897362753303660e-03
-1.653712500000000034e+02,5.765689829569560672e-03
-1.645800000000000125e+02,5.503967400462272085e-03
-1.637887500000000216e+02,4.815336387364426915e-03
-1.629975000000000307e+02,3.844909790590220547e-03
-1.622062499999999829e+02,2.769086553551295543e-03
-1.614149999999999920e+02,1.756759935052129356e-03
-1.606237500000000011e+02,9.365715865216640021e-04
-1.598325000000000102e+02,3.768238739602391193e-04
-1.590412500000000193e+02,8.126219494418105967e-05
-1.582500000000000000e+02,0.000000000000000000e+00
-1.574587499999999807e+02,5.133904157061988232e-05
-1.566675000000000182e+02,1.479615767548054562e-04
-1.558762499999999989e+02,2.204383223837059591e-04
-1.550850000000000080e+02,2.322631389375551410e-04
-1.542937500000000171e+02,1.833028262552005854e-04
-1.535025000000000261e+02,1.019044606495861220e-04
-1.527112500000000068e+02,2.904330103201118737e-05
-1.519199999999999875e+02,0.000000000000000000e+00
-1.511287499999999966e+02,2.958164767266666825e-05
-1.503375000000000057e+02,1.057173940033069814e-04
-1.495462500000000148e+02,1.936869047887217709e-04
-1.487549999999999955e+02,2.499716129663055709e-04
-1.479637500000000045e+02,2.416455211868666895e-04
-1.471725000000000136e+02,1.652054197097458548e-04
-1.463812499999999943e+02,5.838613247556034711e-05
-1.455900000000000034e+02,0.000000000000000000e+00
-1.447987500000000125e+02,9.588142021720924069e-05
-1.440075000000000216e+02,4.528794861587152258e-04
-1.432162500000000307e+02,1.146537960449775040e-03
-1.424249999999999829e+02,2.190627253292307380e-03
-1.416337499999999920e+02,3.517281200412404260e-03
-1.408424999999999727e+02,4.974822501172049445e-03
-1.400512500000000102e+02,6.346668661950813362e-03
-1.392599999999999909e+02,7.389757635139999024e-03
-1.384687500000000000e+02,7.885852662863925694e-03
-1.376775000000000091e+02,7.695127131825970669e-03
-1.368862500000000182e+02,6.799656535923138609e-03
-1.360949999999999989e+02,5.325466282032609994e-03
-1.353037500000000080e+02,3.535583098010751553e-03
-1.345125000000000171e+02,1.792434535502736856e-03
-1.337212500000000261e+02,4.947164461753180168e-04
-1.329300000000000068e+02,0.000000000000000000e+00
-1.321387499999999875e+02,5.484275305099070401e-04
-1.313474999999999966e+02,2.203791332166632391e-03
-1.305562499999999773e+02,4.825698053966296502e-03
-1.297649999999999864e+02,8.080769846863504469e-03
-1.289737499999999955e+02,1.149302819163682335e-02
-1.281825000000000045e+02,1.452536452095662053e-02
-1.273912500000000136e+02,1.667710739198399392e-02
-1.266000000000000227e+02,1.757870552434121630e-02
-1.258087500000000034e+02,1.706443201042174770e-02
-1.250174999999999983e+02,1.520793013565436246e-02
-1.242262499999999932e+02,1.231264016372025406e-02
-1.234350000000000023e+02,8.858203142808602007e-03
-1.226437500000000114e+02,5.412932460789617907e-03
-1.218525000000000063e+02,2.529453686796399349e-03
-1.210612500000000153e+02,6.441164483683457309e-04
-1.202699999999999818e+02,0.000000000000000000e+00
-1.194787499999999909e+02,6.084121998189860256e-04
-1.186875000000000000e+02,2.255766421776063489e-03
-1.178962499999999949e+02,4.553335448944749800e-03
-1.171050000000000040e+02,7.018646834633012789e-03
-1.163137500000000131e+02,9.171072621356246568e-03
-1.155224999999999937e+02,1.062178458157598052e-02
-1.147312500000000028e+02,1.114014625249034468e-02
-1.139399999999999977e+02,1.068429498365242210e-02
-1.131487500000000068e+02,9.391797784073285804e-03
-1.123575000000000159e+02,7.534985498184651638e-03
-1.115662500000000108e+02,5.452923989973341296e-03
-1.107750000000000057e+02,3.476361053818070521e-03
-1.099837499999999864e+02,1.862500084423695038e-03
-1.091924999999999955e+02,7.531133641662641175e-04
-1.084012500000000045e+02,1.632305017893630119e-04
-1.076099999999999994e+02,0.000000000000000000e+00
-1.068187500000000085e+02,1.041877386907459250e-04
-1.060275000000000176e+02,3.018450239006358862e-04
-1.052362499999999983e+02,4.520791537980851948e-04
-1.044450000000000074e+02,4.788798844537666614e-04
-1.036537499999999881e+02,3.799806736325970005e-04
-1.028624999999999972e+02,2.124023129626587353e-04
-1.020712500000000063e+02,6.087148907644348152e-05
-1.012800000000000011e+02,0.000000000000000000e+00
-1.004887499999999960e+02,6.270194061504292149e-05
-9.969749999999999091e+01,2.253694313988511611e-04
-9.890625000000000000e+01,4.153070429141956480e-04
-9.811500000000000909e+01,5.391521861497703934e-04
-9.732375000000000398e+01,5.243036418888879059e-04
-9.653250000000001307e+01,3.606154474858034057e-04
-9.574125000000000796e+01,1.282267983815310001e-04
-9.495000000000000284e+01,0.000000000000000000e+00
-9.415875000000001194e+01,2.132081965020915851e-04
-9.336749999999999261e+01,1.013455853612424797e-03
-9.257625000000000171e+01,2.582256784295883668e-03
-9.178500000000001080e+01,4.965981683488877862e-03
-9.099374999999999147e+01,8.026144895473229235e-03
-9.020250000000000057e+01,1.142823706562815823e-02
-8.941124999999999545e+01,1.467873205482791120e-02
-8.862000000000000455e+01,1.720894225249200785e-02
-8.782875000000001364e+01,1.849247371843567786e-02
-8.703749999999999432e+01,1.817299707936919501e-02
-8.624625000000000341e+01,1.617354189951994425e-02
-8.545499999999999829e+01,1.275931017159408210e-02
-8.466374999999999318e+01,8.533496426495012707e-03
-8.387250000000000227e+01,4.358647408126292526e-03
-8.308124999999999716e+01,1.212144548107091466e-03
-8.229000000000000625e+01,0.000000000000000000e+00
-8.149875000000001535e+01,1.364716896959618751e-03
-8.070749999999999602e+01,5.527538513079513147e-03
-7.991625000000000512e+01,1.220144628112307741e-02
-7.912500000000000000e+01,2.059903715724385048e-02
-7.833375000000000909e+01,2.954106496785803906e-02
-7.754250000000000398e+01,3.765061302758528072e-02
-7.675125000000001307e+01,4.359898017352455135e-02
-7.595999999999999375e+01,4.635662509733839975e-02
-7.516875000000000284e+01,4.539900196232731638e-02
-7.437749999999999773e+01,4.082403499490247500e-02
-7.358625000000000682e+01,3.335429628361771814e-02
-7.279500000000000171e+01,2.421955243756584997e-02
-7.200375000000001080e+01,1.493962921100056539e-02
-7.121249999999999147e+01,7.048380353292312862e-03
-7.042124999999998636e+01,1.812395224772574099e-03
-6.962999999999999545e+01,0.000000000000000000e+00
-6.883875000000000455e+01,1.746456262590875656e-03
-6.804749999999999943e+01,6.541892457559339048e-03
-6.725625000000000853e+01,1.334341994764688850e-02
-6.646500000000000341e+01,2.078739921340668276e-02
-6.567374999999999829e+01,2.745740759073049195e-02
-6.488249999999999318e+01,3.215254364072982207e-02
-6.409125000000000227e+01,3.410166220129583203e-02
-6.330000000000001137e+01,3.308173972597566737e-02
-6.250874999999999915e+01,2.942000759436424334e-02
-6.171750000000000114e+01,2.388496878400002063e-02
-6.092625000000000313e+01,1.749522517276334496e-02
-6.013499999999999091e+01,1.129186167509581284e-02
-5.934375000000000000e+01,6.126233660997018431e-03
-5.855250000000000199e+01,2.509132482446213477e-03
-5.776124999999999687e+01,5.509897061581430205e-04
-5.696999999999999886e+01,0.000000000000000000e+00
-5.617875000000000796e+01,3.613021069818994450e-04
-5.538750000000000284e+01,1.061398862807935196e-03
-5.459624999999999773e+01,1.612421688866329597e-03
-5.380499999999999972e+01,1.732980122426480262e-03
-5.301375000000000881e+01,1.395626721587083559e-03
-5.222250000000000369e+01,7.920463961829157101e-04
-5.143124999999999858e+01,2.305350049118891202e-04
-5.064000000000000057e+01,0.000000000000000000e+00
-4.984874999999999545e+01,2.452069480931434731e-04
-4.905750000000000455e+01,8.960983352717877748e-04
-4.826625000000000654e+01,1.679616152262382485e-03
-4.747500000000000142e+01,2.218758364451286786e-03
-4.668374999999999631e+01,2.196464338880660481e-03
-4.589250000000000540e+01,1.538580900124972067e-03
-4.510125000000000028e+01,5.574287408897791096e-04
-4.431000000000000227e+01,0.000000000000000000e+00
-4.351874999999999716e+01,9.636430103151209662e-04
-4.272749999999999915e+01,4.674143921164562558e-03
-4.193625000000000114e+01,1.215953923737152047e-02
-4.114500000000000313e+01,2.388850719725769609e-02
-4.035374999999999801e+01,3.946515149473421580e-02
-3.956250000000000000e+01,5.747476075264193462e-02
-3.877125000000000199e+01,7.555413529618537627e-02
-3.797999999999999687e+01,9.071714948139755763e-02
-3.718874999999999886e+01,9.990874957188929095e-02
-3.639750000000000085e+01,1.007003793307615219e-01
-3.560624999999999574e+01,9.199081527807455305e-02
-3.481499999999999773e+01,7.455163659440676438e-02
-3.402374999999999972e+01,5.126511077216168444e-02
-3.323250000000000171e+01,2.694669451499706950e-02
-3.244124999999999659e+01,7.719376519767302998e-03
-3.165000000000000568e+01,0.000000000000000000e+00
-3.085875000000000057e+01,9.250329834178049396e-03
-3.006749999999999545e+01,3.871778588473352711e-02
-2.927625000000000099e+01,8.842444101687110813e-02
-2.848499999999999943e+01,1.546463627426769571e-01
-2.769375000000000142e+01,2.300563750026126120e-01
-2.690249999999999986e+01,3.045903795310623274e-01
-2.611125000000000185e+01,3.669591130045772309e-01
-2.532000000000000028e+01,4.065893317180368505e-01
-2.452875000000000227e+01,4.156690095057053447e-01
-2.373750000000000071e+01,3.909151125166452356e-01
-2.294625000000000270e+01,3.346962095496615608e-01
-2.215500000000000114e+01,2.552293125330408752e-01
-2.136374999999999957e+01,1.657202635651381373e-01
-2.057250000000000156e+01,8.250568052086379445e-02
-1.978125000000000000e+01,2.244836515328607618e-02
-1.898999999999999844e+01,0.000000000000000000e+00
-1.819875000000000043e+01,2.444125381449236203e-02
-1.740749999999999886e+01,9.781678413536193384e-02
-1.661625000000000085e+01,2.139933735247354918e-01
-1.582500000000000284e+01,3.590939436241319394e-01
-1.503374999999999773e+01,5.133259934855519679e-01
-1.424249999999999972e+01,6.539704722140715631e-01
-1.345124999999999993e+01,7.590723718584608815e-01
-1.266000000000000014e+01,8.112208246716825499e-01
-1.186875000000000036e+01,8.007564674495002421e-01
-1.107750000000000057e+01,7.278117443198847125e-01
-1.028625000000000078e+01,6.027687604281886102e-01
-9.494999999999999218e+00,4.449814150153926784e-01
-8.703749999999999432e+00,2.799094057793092283e-01
-7.912500000000001421e+00,1.350980031951309890e-01
-7.121249999999999858e+00,3.565670236553880601e-02
-6.330000000000000071e+00,0.000000000000000000e+00
-5.538750000000000284e+00,3.659133065829432013e-02
-4.747499999999999609e+00,1.422768694405029122e-01
-3.956250000000000711e+00,3.025337944382403554e-01
-3.165000000000000036e+00,4.936321949276860077e-01
-2.373749999999999805e+00,6.863780135501240665e-01
-1.582500000000000018e+00,8.508253261721173688e-01
-7.912500000000000089e-01,9.611704092245769715e-01
0.000000000000000000e+00,1.000000000000000000e+00
7.912500000000000089e-01,9.611704092245769715e-01
1.582500000000000018e+00,8.508253261721171468e-01
2.373749999999999805e+00,6.863780135501240665e-01
3.165000000000000036e+00,4.936321949276860077e-01
3.956250000000000711e+00,3.025337944382403554e-01
4.747499999999999609e+00,1.422768694405029122e-01
5.538750000000000284e+00,3.659133065829428544e-02
6.330000000000000071e+00,0.000000000000000000e+00
7.121249999999999858e+00,3.565670236553880601e-02
7.912500000000001421e+00,1.350980031951309890e-01
8.703749999999999432e+00,2.799094057793091173e-01
9.494999999999999218e+00,4.449814150153926784e-01
1.028625000000000078e+01,6.027687604281886102e-01
1.107750000000000057e+01,7.278117443198842684e-01
1.186875000000000036e+01,8.007564674495002421e-01
1.266000000000000014e+01,8.112208246716825499e-01
1.345124999999999993e+01,7.590723718584608815e-01
1.424249999999999972e+01,6.539704722140717852e-01
1.503374999999999773e+01,5.133259934855519679e-01
1.582500000000000284e+01,3.590939436241319394e-01
1.661625000000000085e+01,2.139933735247354918e-01
1.740749999999999886e+01,9.781678413536196159e-02
1.819875000000000043e+01,2.444125381449235163e-02
1.898999999999999844e+01,0.000000000000000000e+00
1.978125000000000000e+01,2.244836515328609353e-02
2.057250000000000156e+01,8.250568052086379445e-02
2.136374999999999957e+01,1.657202635651381373e-01
2.215500000000000114e+01,2.552293125330408752e-01
2.294625000000000270e+01,3.346962095496615608e-01
2.373750000000000071e+01,3.909151125166451246e-01
2.452875000000000227e+01,4.156690095057053447e-01
2.532000000000000028e+01,4.065893317180368505e-01
2.611125000000000185e+01,3.669591130045771199e-01
2.690249999999999986e+01,3.045903795310623274e-01
2.769375000000000142e+01,2.300563750026125009e-01
2.848499999999999943e+01,1.546463627426769016e-01
2.927625000000000099e+01,8.842444101687105262e-02
3.006749999999999545e+01,3.871778588473352711e-02
3.085875000000000057e+01,9.250329834178045926e-03
3.165000000000000568e+01,0.000000000000000000e+00
3.244124999999999659e+01,7.719376519767305600e-03
3.323250000000000171e+01,2.694669451499706950e-02
3.402374999999999972e+01,5.126511077216167056e-02
3.481499999999999773e+01,7.455163659440670887e-02
3.560624999999999574e+01,9.199081527807451142e-02
3.639750000000000085e+01,1.007003793307615219e-01
3.718874999999999886e+01,9.990874957188929095e-02
3.797999999999999687e+01,9.071714948139751600e-02
3.877125000000000199e+01,7.555413529618534851e-02
3.956250000000000000e+01,5.747476075264192075e-02
4.035374999999999801e+01,3.946515149473420192e-02
4.114500000000000313e+01,2.388850719725767874e-02
4.193625000000000114e+01,1.215953923737151179e-02
4.272749999999999915e+01,4.674143921164562558e-03
4.351874999999999716e+01,9.636430103151213998e-04
4.431000000000000227e+01,0.000000000000000000e+00
4.510125000000000028e+01,5.574287408897793264e-04
4.589250000000000540e+01,1.538580900124972067e-03
4.668374999999999631e+01,2.196464338880659180e-03
4.747500000000000142e+01,2.218758364451285485e-03
4.826625000000000654e+01,1.679616152262377931e-03
4.905750000000000455e+01,8.960983352717871242e-04
4.984874999999999545e+01,2.452069480931441236e-04
5.064000000000000057e+01,0.000000000000000000e+00
5.143124999999999858e+01,2.305350049118897978e-04
5.222250000000000369e+01,7.920463961829157101e-04
5.301375000000000881e+01,1.395626721587082475e-03
5.380499999999999972e+01,1.732980122426480913e-03
5.459624999999999773e+01,1.612421688866329597e-03
5.538750000000000284e+01,1.061398862807935630e-03
5.617875000000000796e+01,3.613021069818984693e-04
5.696999999999999886e+01,0.000000000000000000e+00
5.776124999999999687e+01,5.509897061581435626e-04
5.855250000000000199e+01,2.509132482446211308e-03
5.934375000000000000e+01,6.126233660997018431e-03
6.013499999999999091e+01,1.129186167509581111e-02
6.092625000000000313e+01,1.749522517276335190e-02
6.171750000000000114e+01,2.388496878400002063e-02
6.250874999999999915e+01,2.942000759436423293e-02
6.330000000000001137e+01,3.308173972597566043e-02
6.409125000000000227e+01,3.410166220129583203e-02
6.488249999999999318e+01,3.215254364072984289e-02
6.567374999999999829e+01,2.745740759073049195e-02
6.646500000000000341e+01,2.078739921340668276e-02
6.725625000000000853e+01,1.334341994764688850e-02
6.804749999999999943e+01,6.541892457559339048e-03
6.883875000000000455e+01,1.746456262590872837e-03
6.962999999999999545e+01,0.000000000000000000e+00
7.042124999999998636e+01,1.812395224772575400e-03
7.121249999999999147e+01,7.048380353292312862e-03
7.200375000000001080e+01,1.493962921100057580e-02
7.279500000000000171e+01,2.421955243756584997e-02
7.358625000000000682e+01,3.335429628361773896e-02
7.437749999999999773e+01,4.082403499490247500e-02
7.516875000000000284e+01,4.539900196232728169e-02
7.595999999999999375e+01,4.635662509733837894e-02
7.675125000000001307e+01,4.359898017352453053e-02
7.754250000000000398e+01,3.765061302758530154e-02
7.833375000000000909e+01,2.954106496785801131e-02
7.912500000000000000e+01,2.059903715724384354e-02
7.991625000000000512e+01,1.220144628112306701e-02
8.070749999999999602e+01,5.527538513079519218e-03
8.149875000000001535e+01,1.364716896959616800e-03
8.229000000000000625e+01,0.000000000000000000e+00
8.308124999999999716e+01,1.212144548107092334e-03
8.387250000000000227e+01,4.358647408126292526e-03
8.466374999999999318e+01,8.533496426495007503e-03
8.545499999999999829e+01,1.275931017159408210e-02
8.624625000000000341e+01,1.617354189951994425e-02
8.703749999999999432e+01,1.817299707936921235e-02
8.782875000000001364e+01,1.849247371843567786e-02
8.862000000000000455e+01,1.720894225249200785e-02
8.941124999999999545e+01,1.467873205482791120e-02
9.020250000000000057e+01,1.142823706562816344e-02
9.099374999999999147e+01,8.026144895473225765e-03
9.178500000000001080e+01,4.965981683488879597e-03
9.257625000000000171e+01,2.582256784295880198e-03
9.336749999999999261e+01,1.013455853612425664e-03
9.415875000000001194e+01,2.132081965020911243e-04
9.495000000000000284e+01,0.000000000000000000e+00
9.574125000000000796e+01,1.282267983815310814e-04
9.653250000000001307e+01,3.606154474858028636e-04
9.732375000000000398e+01,5.243036418888882312e-04
9.811500000000000909e+01,5.391521861497707187e-04
9.890625000000000000e+01,4.153070429141947806e-04
9.969749999999999091e+01,2.253694313988521911e-04
1.004887499999999960e+02,6.270194061504369399e-05
1.012800000000000011e+02,0.000000000000000000e+00
1.020712500000000063e+02,6.087148907644417269e-05
1.028624999999999972e+02,2.124023129626594400e-04
1.036537499999999881e+02,3.799806736325962958e-04
1.044450000000000074e+02,4.788798844537680167e-04
1.052362499999999983e+02,4.520791537980861164e-04
1.060275000000000176e+02,3.018450239006356152e-04
1.068187500000000085e+02,1.041877386907461012e-04
1.076099999999999994e+02,0.000000000000000000e+00
1.084012500000000045e+02,1.632305017893635811e-04
1.091924999999999955e+02,7.531133641662644427e-04
1.099837499999999864e+02,1.862500084423696122e-03
1.107750000000000057e+02,3.476361053818071388e-03
1.115662500000000108e+02,5.452923989973349102e-03
1.123575000000000159e+02,7.534985498184654240e-03
1.131487500000000068e+02,9.391797784073280600e-03
1.139399999999999977e+02,1.068429498365242557e-02
1.147312500000000028e+02,1.114014625249037070e-02
1.155224999999999937e+02,1.062178458157598746e-02
1.163137500000000131e+02,9.171072621356253507e-03
1.171050000000000040e+02,7.018646834633021463e-03
1.178962499999999949e+02,4.553335448944749800e-03
1.186875000000000000e+02,2.255766421776065223e-03
1.194787499999999909e+02,6.084121998189863509e-04
1.202699999999999818e+02,0.000000000000000000e+00
1.210612500000000153e+02,6.441164483683471404e-04
1.218525000000000063e+02,2.529453686796400650e-03
1.226437500000000114e+02,5.412932460789623978e-03
1.234350000000000023e+02,8.858203142808607211e-03
1.242262499999999932e+02,1.231264016372027488e-02
1.250174999999999983e+02,1.520793013565437980e-02
1.258087500000000034e+02,1.706443201042175464e-02
1.266000000000000227e+02,1.757870552434121630e-02
1.273912500000000136e+02,1.667710739198398698e-02
1.281825000000000045e+02,1.452536452095659972e-02
1.289737499999999955e+02,1.149302819163681641e-02
1.297649999999999864e+02,8.080769846863502734e-03
1.305562499999999773e+02,4.825698053966293033e-03
1.313474999999999966e+02,2.203791332166631957e-03
1.321387499999999875e+02,5.484275305099070401e-04
1.329300000000000068e+02,0.000000000000000000e+00
1.337212500000000261e+02,4.947164461753192095e-04
1.345125000000000171e+02,1.792434535502735555e-03
1.353037500000000080e+02,3.535583098010752420e-03
1.360949999999999989e+02,5.325466282032607392e-03
1.368862500000000182e+02,6.799656535923154221e-03
1.376775000000000091e+02,7.695127131825968067e-03
1.384687500000000000e+02,7.885852662863925694e-03
1.392599999999999909e+02,7.389757635139994688e-03
1.400512500000000102e+02,6.346668661950815964e-03
1.408424999999999727e+02,4.974822501172047710e-03
1.416337499999999920e+02,3.517281200412400791e-03
1.424249999999999829e+02,2.190627253292304344e-03
1.432162500000000307e+02,1.146537960449774173e-03
1.440075000000000216e+02,4.528794861587151174e-04
1.447987500000000125e+02,9.588142021720924069e-05
1.455900000000000034e+02,0.000000000000000000e+00
1.463812499999999943e+02,5.838613247556080789e-05
1.471725000000000136e+02,1.652054197097457464e-04
1.479637500000000045e+02,2.416455211868669605e-04
1.487549999999999955e+02,2.499716129663054624e-04
1.495462500000000148e+02,1.936869047887229093e-04
1.503375000000000057e+02,1.057173940033073338e-04
1.511287499999999966e+02,2.958164767266669535e-05
1.519199999999999875e+02,0.000000000000000000e+00
1.527112500000000068e+02,2.904330103201092648e-05
1.535025000000000261e+02,1.019044606495865828e-04
1.542937500000000171e+02,1.833028262552003143e-04
1.550850000000000080e+02,2.322631389375563065e-04
1.558762499999999989e+02,2.204383223837068806e-04
1.566675000000000182e+02,1.479615767548054562e-04
1.574587499999999807e+02,5.133904157061986877e-05
1.582500000000000000e+02,0.000000000000000000e+00
1.590412500000000193e+02,8.126219494418065309e-05
1.598325000000000102e+02,3.768238739602392819e-04
1.606237500000000011e+02,9.365715865216646526e-04
1.614149999999999920e+02,1.756759935052129790e-03
1.622062499999999829e+02,2.769086553551293808e-03
1.629975000000000307e+02,3.844909790590217945e-03
1.637887500000000216e+02,4.815336387364424313e-03
1.645800000000000125e+02,5.503967400462269483e-03
1.653712500000000034e+02,5.765689829569567611e-03
1.661624999999999943e+02,5.522897362753305395e-03
1.669537500000000136e+02,4.790466325877523919e-03
1.677450000000000045e+02,3.682804530375587224e-03
1.685362499999999955e+02,2.399950842784444750e-03
1.693274999999999864e+02,1.194247665580977545e-03
1.701187499999999773e+02,3.235238150255406947e-04
1.709099999999999966e+02,0.000000000000000000e+00
1.717012500000000159e+02,3.454869763191107811e-04
1.724925000000000068e+02,1.362528362439901662e-03
1.732837500000000261e+02,2.928092172295648429e-03
1.740749999999999886e+02,4.811862183890448959e-03
1.748662500000000364e+02,6.716090401224531110e-03
1.756575000000000273e+02,8.329442601942304431e-03
1.764487500000000182e+02,9.384283586455101703e-03
1.772400000000000091e+02,9.706057976055974465e-03
1.780312500000000000e+02,9.245000570469220219e-03
1.788224999999999909e+02,8.084018037562767239e-03
1.796137500000000102e+02,6.421445113461903519e-03
1.804050000000000011e+02,4.532454130868879098e-03
1.811962499999999920e+02,2.717113379466166989e-03
1.819874999999999829e+02,1.245574843568423174e-03
1.827787500000000023e+02,3.111396737371287398e-04
1.835700000000000216e+02,0.000000000000000000e+00
1.843612500000000125e+02,2.827627114977707351e-04
1.851525000000000034e+02,1.028258735747003680e-03
1.859437499999999943e+02,2.035632741216804407e-03
1.867349999999999852e+02,3.077240689374955308e-03
1.875262500000000045e+02,3.943144016349723648e-03
1.883175000000000239e+02,4.478266076584139048e-03
1.891087499999999864e+02,4.605406649844651437e-03
1.899000000000000057e+02,4.330736397171935925e-03
1.906912499999999682e+02,3.732302243595362039e-03
1.914825000000000159e+02,2.935589881187657298e-03
1.922737500000000068e+02,2.082568380605529651e-03
1.930650000000000261e+02,1.301435991963636541e-03
1.938562500000000171e+02,6.834281347725587033e-04
1.946475000000000080e+02,2.708477743792692084e-04
1.954387500000000273e+02,5.753121949609674922e-05
1.962300000000000182e+02,0.000000000000000000e+00
1.970212500000000091e+02,3.526122426735299979e-05
1.978125000000000000e+02,1.000931503542627370e-04
1.986037499999999909e+02,1.468723906662840032e-04
1.993949999999999818e+02,1.524131951151194340e-04
2.001862500000000011e+02,1.184654927705336181e-04
2.009774999999999920e+02,6.486153305617530559e-05
2.017687499999999829e+02,1.820546797728902013e-05
2.025600000000000023e+02,0.000000000000000000e+00
2.033512499999999932e+02,1.798341715255126854e-05
2.041425000000000125e+02,6.328892974557156896e-05
2.049337500000000318e+02,1.141831912802718148e-04
2.057249999999999943e+02,1.451115718185745466e-04
2.065162500000000136e+02,1.381299984745202323e-04
2.073074999999999761e+02,9.298642729432807425e-05
2.080987500000000239e+02,3.235778200245479079e-05
2.088900000000000148e+02,0.000000000000000000e+00
2.096812500000000057e+02,5.151252345889181680e-05
2.104724999999999966e+02,2.395498181956979677e-04
2.112637499999999875e+02,5.970665539824680183e-04
2.120550000000000352e+02,1.123077700254215827e-03
2.128462500000000261e+02,1.775174058029268479e-03
2.136375000000000171e+02,2.471662186602360638e-03
2.144287500000000080e+02,3.103986114307051222e-03
2.152199999999999989e+02,3.557549200759803874e-03
2.160112500000000182e+02,3.736802231062629539e-03
2.168025000000000091e+02,3.589066835986063925e-03
2.175937500000000000e+02,3.121405310626265868e-03
2.183849999999999909e+02,2.406029841402519340e-03
2.191762499999999818e+02,1.572052059929961165e-03
2.199674999999999727e+02,7.843205334703975485e-04
2.207587499999999920e+02,2.130259511311924836e-04
2.215500000000000114e+02,0.000000000000000000e+00
2.223412500000000023e+02,2.286598290997472521e-04
2.231325000000000216e+02,9.040840266451307490e-04
2.239237499999999841e+02,1.947806830760896333e-03
2.247150000000000318e+02,3.208966276361271269e-03
2.255062500000000227e+02,4.490062257706785125e-03
2.262975000000000136e+02,5.582500090639692589e-03
2.270887500000000045e+02,6.304985480301826019e-03
2.278799999999999955e+02,6.537162803578092964e-03
2.286712500000000148e+02,6.241804789581924251e-03
2.294625000000000057e+02,5.471177235171944229e-03
2.302537499999999966e+02,4.356423435256677815e-03
2.310449999999999875e+02,3.082251980526735154e-03
2.318362500000000068e+02,1.852139034961964139e-03
2.326275000000000261e+02,8.510606684513305834e-04
2.334187500000000171e+02,2.130908465210526719e-04
2.342100000000000080e+02,0.000000000000000000e+00
2.350012499999999989e+02,1.945587600367159665e-04
2.357924999999999898e+02,7.091396116792171665e-04
2.365837500000000375e+02,1.407095539622171517e-03
2.373750000000000000e+02,2.131938407426659573e-03
2.381662500000000193e+02,2.738035856429174315e-03
2.389574999999999818e+02,3.116621306544195384e-03
2.397487500000000011e+02,3.212285871333174503e-03
2.405399999999999636e+02,3.027432681221891003e-03
2.413312500000000114e+02,2.614873214064842872e-03
2.421225000000000307e+02,2.061222654657951254e-03
2.429137500000000216e+02,1.465477525945417612e-03
2.437050000000000125e+02,9.177994822367187234e-04
2.444962500000000034e+02,4.830118088028022261e-04
2.452875000000000227e+02,1.918337093826711802e-04
2.460787500000000136e+02,4.083503289186558670e-05
2.468700000000000045e+02,0.000000000000000000e+00
2.476612499999999955e+02,2.513454689244412217e-05
2.484524999999999864e+02,7.149782249860009507e-05
2.492437500000000057e+02,1.051328782070887517e-04
2.500349999999999966e+02,1.093266642421987370e-04
2.508262500000000159e+02,8.515218486414352498e-05
2.516175000000000068e+02,4.671828119166469519e-05
2.524087500000000261e+02,1.313991572707149821e-05
2.532000000000000455e+02,0.000000000000000000e+00
2.539912500000000080e+02,1.303261128695617656e-05
2.547825000000000273e+02,4.595835587927810974e-05
2.555737499999999898e+02,8.308296645254729213e-05
2.563650000000000091e+02,1.057987596736466128e-04
2.571562500000000568e+02,1.009092377601135507e-04
2.579474999999999909e+02,6.806480334089112772e-05
2.587387500000000387e+02,2.373218166895283283e-05
2.595299999999999727e+02,0.000000000000000000e+00
2.603212500000000205e+02,3.792896812699468893e-05
2.611124999999999545e+02,1.767248155677685496e-04
2.619037500000000023e+02,4.413304407938412922e-04
2.626949999999999932e+02,8.317377192748698442e-04
2.634862500000000409e+02,1.317191858772753322e-03
2.642774999999999750e+02,1.837489235376357386e-03
2.650687499999999659e+02,2.311954010749060675e-03
2.658600000000000136e+02,2.654790446542861036e-03
2.666512500000000045e+02,2.793801690051462856e-03
2.674425000000000523e+02,2.688372238203813949e-03
2.682337499999999864e+02,2.342430525187641152e-03
2.690250000000000341e+02,1.808933517967851101e-03
2.698162500000000250e+02,1.184104271205321064e-03
2.706075000000000159e+02,5.918538270745375869e-04
2.713987500000000068e+02,1.610451696968066154e-04
2.721899999999999977e+02,0.000000000000000000e+00
2.729812499999999886e+02,1.734935124316300747e-04
2.737725000000000364e+02,6.872046613191831873e-04
2.745637499999999704e+02,1.483213725420899284e-03
2.753550000000000182e+02,2.447936832770131882e-03
2.761462500000000091e+02,3.431320681370006280e-03
2.769375000000000000e+02,4.273741983868202358e-03
2.777287500000000477e+02,4.835384636932013071e-03
2.785199999999999818e+02,5.022274040841430247e-03
2.793112500000000296e+02,4.803770898757914187e-03
2.801025000000000205e+02,4.218040558577288747e-03
2.808937500000000114e+02,3.364455695724753986e-03
2.816849999999999454e+02,2.384539712637995246e-03
2.824762500000000500e+02,1.435352795130049675e-03
2.832674999999999841e+02,6.606801312093199628e-04
2.840587500000000318e+02,1.657059875604328849e-04
2.848499999999999659e+02,0.000000000000000000e+00
2.856412500000000136e+02,1.518101365812795419e-04
2.864325000000000614e+02,5.542627385378582835e-04
2.872237499999999955e+02,1.101637308089877107e-03
2.880150000000000432e+02,1.671929644384495149e-03
2.888062499999999773e+02,2.150839413311156877e-03
2.895975000000000250e+02,2.452311559154674372e-03
2.903887500000000159e+02,2.531779192641407661e-03
2.911800000000000068e+02,2.390030623503762528e-03
2.919712499999999977e+02,2.067732105194907116e-03
2.927624999999999886e+02,1.632602909248437534e-03
2.935537499999999795e+02,1.162637253037236782e-03
2.943450000000000273e+02,7.293226635683645572e-04
2.951362499999999613e+02,3.844447396673674562e-04
2.959275000000000091e+02,1.529335758573353756e-04
2.967187500000000568e+02,3.260694199862913074e-05
2.975099999999999909e+02,0.000000000000000000e+00
2.983012500000000387e+02,2.013442853604346724e-05
2.990925000000000296e+02,5.736578734675057216e-05
2.998837500000000205e+02,8.448667072934831388e-05
3.006750000000000114e+02,8.799598714988631561e-05
3.014662500000000023e+02,6.864633385315630832e-05
3.022574999999999932e+02,3.772166638122815928e-05
3.030487500000000409e+02,1.062616996645846390e-05
3.038399999999999750e+02,0.000000000000000000e+00
3.046312500000000227e+02,1.057229224200624941e-05
3.054225000000000136e+02,3.734011263649677365e-05
3.062137500000000045e+02,6.760741911927523366e-05
3.070050000000000523e+02,8.622475835041205504e-05
3.077962499999999864e+02,8.236623778728608119e-05
3.085875000000000341e+02,5.564237541815766821e-05
3.093787499999999682e+02,1.943047375563364959e-05
3.101700000000000159e+02,0.000000000000000000e+00
3.109612500000000068e+02,3.114840679302962093e-05
3.117524999999999977e+02,1.453512660445123190e-04
3.125437499999999886e+02,3.635294670089287295e-04
3.133350000000000364e+02,6.861429269258364789e-04
3.141262499999999704e+02,1.088247591868708210e-03
3.149174999999999613e+02,1.520379519552135777e-03
3.157087500000000091e+02,1.915812472303194411e-03
3.165000000000000000e+02,2.203173699619937614e-03
3.172912500000000477e+02,2.321971392421855792e-03
3.180825000000000387e+02,2.237647217590257170e-03
3.188737500000000296e+02,1.952576291742956103e-03
3.196650000000000205e+02,1.510084140924580027e-03
3.204562500000000114e+02,9.899287253178066289e-04
3.212475000000000023e+02,4.955210265908511179e-04
3.220387499999999932e+02,1.350290491454904092e-04
3.228299999999999841e+02,0.000000000000000000e+00
3.236212499999999750e+02,1.458885708707772144e-04
3.244124999999999659e+02,5.786964406267081518e-04
3.252037500000000136e+02,1.250816037240644026e-03
3.259950000000000614e+02,2.067346285437260487e-03
3.267862500000000523e+02,2.901990516036377817e-03
3.275775000000000432e+02,3.619620191601041499e-03
3.283687499999999773e+02,4.101135626824411497e-03
3.291600000000000250e+02,4.265700040842083929e-03
3.299512500000000159e+02,4.085896970694373291e-03
3.307425000000000068e+02,3.592770928267196087e-03
3.315337499999999409e+02,2.869760768472782650e-03
3.323249999999999886e+02,2.036788871873147777e-03
3.331162499999999795e+02,1.227747824817575955e-03
3.339075000000000273e+02,5.659125490546577627e-04
3.346987500000000182e+02,1.421354355170098734e-04
3.354900000000000091e+02,0.000000000000000000e+00
3.362812500000000568e+02,1.305788185625945876e-04
3.370724999999999909e+02,4.774076744943137594e-04
3.378637500000000387e+02,9.501948781190710722e-04
3.386549999999999727e+02,1.444079121280340394e-03
3.394462500000000205e+02,1.860280948391566415e-03
3.402374999999999545e+02,2.123940740328594812e-03
3.410287500000000023e+02,2.195772931536223941e-03
3.418199999999999932e+02,2.075671322706798636e-03
3.426112500000000409e+02,1.798214906992438638e-03
3.434025000000000318e+02,1.421735446866429419e-03
3.441937500000000227e+02,1.013846200232816760e-03
3.449850000000000136e+02,6.368481644782243061e-04
3.457762500000000045e+02,3.361531687103468048e-04
3.465675000000000523e+02,1.339035174392549314e-04
3.473587499999999864e+02,2.858800470135868514e-05
3.481499999999999773e+02,0.000000000000000000e+00
3.489412499999999682e+02,1.770022280025387957e-05
3.497325000000000728e+02,5.049791338853567852e-05
3.505237500000000068e+02,7.447123491113744336e-05
3.513150000000000546e+02,7.766797114104683852e-05
3.521062499999999886e+02,6.067000619641528861e-05
3.528975000000000364e+02,3.338289816082962500e-05
3.536887499999999704e+02,9.416408600372420086e-06
3.544800000000000182e+02,0.000000000000000000e+00
3.552712500000000091e+02,9.393450896466378568e-06
3.560625000000000000e+02,3.322031645048593643e-05
3.568537499999999909e+02,6.022732561000752812e-05
3.576449999999999818e+02,7.691326535386886962e-05
3.584362500000000296e+02,7.356775637004390393e-05
3.592275000000000205e+02,4.976361847950090786e-05
3.600187500000000682e+02,1.740029816004160136e-05
3.608100000000000023e+02,0.000000000000000000e+00
3.616012499999999932e+02,2.796663548645504665e-05
3.623924999999999841e+02,1.306734334888436848e-04
3.631837500000000318e+02,3.272436731729797725e-04
3.639749999999999659e+02,6.184554976759391561e-04
3.647662499999999568e+02,9.821614525729639722e-04
3.655575000000000045e+02,1.373939415428001480e-03
3.663487500000000523e+02,1.733516890747884790e-03
3.671400000000000432e+02,1.996100713279253588e-03
3.679312500000000341e+02,2.106436343069720361e-03
3.687225000000000250e+02,2.032544211748762465e-03
3.695137500000000159e+02,1.775875282384758915e-03
3.703050000000000068e+02,1.375184078203026735e-03
3.710962499999999977e+02,9.026471949152577818e-04
3.718874999999999886e+02,4.524075196938336422e-04
3.726787499999999795e+02,1.234376830497683618e-04
3.734699999999999704e+02,0.000000000000000000e+00
3.742612500000000182e+02,1.337042288240168153e-04
3.750525000000000091e+02,5.310375185846608276e-04
3.758437500000000568e+02,1.149258204094581303e-03
3.766350000000000477e+02,1.901894599801253046e-03
3.774262500000000387e+02,2.673114313956957960e-03
3.782174999999999727e+02,3.338352268189196271e-03
3.790087500000000205e+02,3.787217198657562896e-03
3.798000000000000114e+02,3.944142798965872936e-03
3.805912500000000023e+02,3.782642448429020168e-03
3.813824999999999363e+02,3.330291970647890603e-03
3.821737499999999841e+02,2.663438840227218708e-03
3.829650000000000318e+02,1.892721265633412388e-03
3.837562500000000227e+02,1.142333224377901175e-03
3.845475000000000136e+02,5.271999138947700871e-04
3.853387500000000045e+02,1.325775954011417619e-04
3.861300000000000523e+02,0.000000000000000000e+00
3.869212499999999864e+02,1.221018586775333764e-04
3.877125000000000341e+02,4.469706005338252891e-04
3.885037499999999682e+02,8.907210382598725095e-04
3.892950000000000159e+02,1.355373308455068340e-03
3.900862499999999500e+02,1.748174801087846791e-03
3.908775000000000546e+02,1.998419066045503678e-03
3.916687499999999886e+02,2.068563858676562405e-03
3.924600000000000364e+02,1.957838764391157949e-03
3.932512500000000273e+02,1.698229069422223497e-03
3.940425000000000182e+02,1.344340632252900500e-03
3.948337500000000091e+02,9.598381263837537985e-04
3.956250000000000000e+02,6.036660402247629635e-04
3.964162500000000477e+02,3.190307371752092625e-04
3.972074999999999818e+02,1.272393197314578006e-04
3.979987499999999727e+02,2.719861593839530513e-05
3.987899999999999636e+02,0.000000000000000000e+00
3.995812500000000682e+02,1.688136898901861346e-05
4.003725000000000023e+02,4.822083731840009693e-05
4.011637500000000500e+02,7.120030730452443389e-05
4.019549999999999841e+02,7.434759008400434902e-05
4.027462500000000318e+02,5.814739083424057216e-05
4.035374999999999659e+02,3.203399718554049056e-05
4.043287500000000136e+02,9.046965816185939438e-06
